ProductNameEN;ImageLink;PageLink;Price;DescriptionEN;DescriptionRU;ProductNameRU

Las Vegas;lasvegas.jpg;lasvegas.php;3990;Las Vegas, The Untied States of America;Лас Вегас, Соединенные Штаты Америки; Лас Вегас
Rome;rome.jpg;rome.php;1490;Rome, Italy;Рим, Италия;Рим
Bali;bali.jpg;bali.php;2990;Bali, Indonesia;Бали, Индонезия;Бали
Fiji;fiji.jpg;fiji.php;4990;Fiji;Фиджи;Фиджи
Turks & Caicos;turkscaicos.jpg;turkscaicos.php;4490;Turks & Caicos, British overseas territories;Теркс и Кайкос, заморские территории Великобритании;Теркс и Кайкос
Bahamas;bahamas.jpg;bahamas.php;4990;Bahamas;Багамы;Багамы